plateifu,stellar_pa,halpha_pa,classification,STEL_QUAL,GAS_QUAL,STEL_FEATURE,GAS_FEATURE,GAS_NOTES
10001-6101,151.0,204.5,0,0,0,0,0,0
10001-6104,136.0,108.5,0,0,0,0,0,0
10213-12701,247.0,279.0,0,0,0,0,0,0
10213-12704,313.0,163.5,0,0,0,0,0,0
10213-3702,163.5,175.5,0,0,0,0,0,0
10213-3704,161.5,66.5,0,0,0,0,0,0
10213-6104,19.0,240.0,0,0,0,0,0,0
10214-12702,234.5,5.5,0,0,0,0,0,0
10214-12704,185.5,319.5,0,0,0,0,0,0
10214-12705,1.0,288.5,0,0,0,0,0,0
10214-3704,147.0,342.5,0,0,0,0,0,0
10214-6102,359.0,235.5,0,0,0,0,0,0
10216-1901,155.5,47.0,0,0,0,0,0,0
10216-1902,187.5,357.5,0,0,0,0,0,0
10216-9101,9.0,15.5,0,0,0,0,0,0
10217-1902,207.5,234.0,0,0,0,0,0,0
10217-6101,111.5,287.0,0,0,0,0,0,0
10217-6104,355.0,165.0,0,0,0,0,0,0
10217-9101,262.5,223.0,0,0,0,0,0,0
10218-6101,102.0,192.5,0,0,0,0,0,0
10219-1902,109.0,117.0,0,0,0,0,0,0
10219-3703,310.5,342.5,0,0,0,0,0,0
10219-6101,84.5,292.0,0,0,0,0,0,0
10220-6102,326.0,179.5,0,0,0,0,0,0
10221-12702,159.5,144.0,0,0,0,0,0,0
10493-1902,122.0,289.0,0,0,0,0,0,0
10493-3703,10.0,246.5,0,0,0,0,0,0
10493-6101,126.5,60.5,0,0,0,0,0,0
10493-6102,241.5,358.5,0,0,0,0,0,0
10493-6103,35.0,75.0,0,0,0,0,0,0
10493-6104,208.5,281.0,0,0,0,0,0,0
10494-12702,36.5,169.0,0,0,0,0,0,0
10494-12703,161.0,136.5,0,0,0,0,0,0
10494-1901,25.0,335.0,0,0,0,0,0,0
10494-3702,54.0,32.0,0,0,0,0,0,0
10494-6103,198.5,136.0,0,0,0,0,0,0
10496-1902,293.5,4.0,0,0,0,0,0,0
10496-3701,5.5,268.0,0,0,0,0,0,0
10496-6103,189.0,212.5,0,0,0,0,0,0
10496-6104,46.0,345.5,0,0,0,0,0,0
10496-9101,201.0,151.0,0,0,0,0,0,0
10497-12701,119.5,299.5,0,0,0,0,0,0
10497-12702,307.5,302.0,0,0,0,0,0,0
10497-12704,231.5,257.0,0,0,0,0,0,0
10497-3703,150.0,171.0,0,0,0,0,0,0
10497-6102,179.0,73.5,0,0,0,0,0,0
10498-12703,341.0,43.5,0,0,0,0,0,0
10498-12704,,,0,0,0,0,0,0
10498-3702,237.5,282.5,0,0,0,0,0,0
10498-3703,264.0,140.0,0,0,0,0,0,0
10498-6101,219.0,304.5,0,0,0,0,0,0
10498-6102,297.0,53.5,0,0,0,0,0,0
10498-9102,331.0,198.5,0,0,0,0,0,0
10499-12702,344.5,77.0,0,0,0,0,0,0
10499-1901,248.5,248.5,0,0,0,0,0,0
10499-9101,229.0,97.5,0,0,0,0,0,0
10503-3702,103.5,255.5,0,0,0,0,0,0
10503-6101,281.5,309.5,0,0,0,0,0,0
10503-6103,176.5,326.5,0,0,0,0,0,0
10503-9101,286.0,285.0,0,0,0,0,0,0
10504-12705,309.5,237.5,0,0,0,0,0,0
10504-3701,18.0,59.0,0,0,0,0,0,0
10506-12701,56.0,41.5,0,0,0,0,0,0
10506-3704,204.5,292.5,0,0,0,0,0,0
10507-12701,131.5,245.0,0,0,0,0,0,0
10508-6102,238.0,259.0,0,0,0,0,0,0
10508-9101,130.5,259.5,0,0,0,0,0,0
10508-9102,265.0,181.0,0,0,0,0,0,0
10509-12704,102.0,342.5,0,0,0,0,0,0
10509-9102,296.0,242.0,0,0,0,0,0,0
10510-1902,45.0,45.0,0,0,0,0,0,0
10510-3701,264.5,139.5,0,0,0,0,0,0
10510-3702,100.5,321.0,0,0,0,0,0,0
10510-6102,9.5,168.5,0,0,0,0,0,0
10510-6104,355.0,20.5,0,0,0,0,0,0
10511-12702,191.0,157.0,0,0,0,0,0,0
10511-3702,177.0,9.0,0,0,0,0,0,0
10511-6103,124.0,112.5,0,0,0,0,0,0
10511-9101,142.5,108.5,0,0,0,0,0,0
10511-9102,52.5,63.0,0,0,0,0,0,0
10512-3702,126.5,130.5,0,0,0,0,0,0
10514-3702,305.0,60.5,0,0,0,0,0,0
10514-3704,87.5,73.0,0,0,0,0,0,0
10516-12703,312.5,125.5,0,0,0,0,0,0
10517-12704,307.0,311.5,0,0,0,0,0,0
10517-12705,35.5,354.5,0,0,0,0,0,0
10517-1901,77.5,252.0,0,0,0,0,0,0
10517-6103,357.5,305.0,0,0,0,0,0,0
10519-12703,314.0,1.5,0,0,0,0,0,0
10519-3704,253.0,316.5,0,0,0,0,0,0
7443-1902,6.5,46.0,0,0,0,0,0,0
7443-3701,301.0,147.5,0,0,0,0,0,0
7443-3702,77.5,156.0,0,0,0,0,0,0
7443-3703,,,0,0,0,0,0,0
7443-3704,7.0,59.5,0,0,0,0,0,0
7443-9102,193.5,23.5,0,0,0,0,0,0
7495-1901,351.5,340.5,0,0,0,0,0,0
7495-9101,242.5,244.0,0,0,0,0,0,0
7815-3703,23.0,138.5,0,0,0,0,0,0
7815-6102,74.0,89.0,0,0,0,0,0,0
7957-12701,135.5,146.0,0,0,0,0,0,0
7958-12701,115.5,160.0,0,0,0,0,0,0
7958-12702,175.5,184.0,0,0,0,0,0,0
7958-1901,318.5,316.0,0,0,0,0,0,0
7958-3701,160.5,255.0,0,0,0,0,0,0
7958-6102,196.5,231.0,0,0,0,0,0,0
7960-9102,17.5,130.0,0,0,0,0,0,0
7962-3702,89.0,112.0,0,0,0,0,0,0
7962-6101,190.0,321.5,0,0,0,0,0,0
7962-9102,21.0,279.0,0,0,0,0,0,0
7964-1902,67.5,349.5,0,0,0,0,0,0
7964-6102,299.0,340.5,0,0,0,0,0,0
7968-3701,315.0,315.0,0,0,0,0,0,0
7968-6104,78.5,184.5,0,0,0,0,0,0
7972-12705,308.0,292.5,0,0,0,0,0,0
7972-9102,209.5,141.0,0,0,0,0,0,0
7975-6103,81.5,259.0,0,0,0,0,0,0
7977-12702,335.0,347.5,0,0,0,0,0,0
7977-1901,189.5,272.5,0,0,0,0,0,0
7977-6102,191.5,246.5,0,0,0,0,0,0
7979-12703,336.5,184.5,0,0,0,0,0,0
7979-6101,7.5,25.0,0,0,0,0,0,0
7990-12705,179.5,108.5,0,0,0,0,0,0
7991-9102,118.0,52.0,0,0,0,0,0,0
7992-12701,43.5,64.0,0,0,0,0,0,0
7992-12703,91.5,116.5,0,0,0,0,0,0
7992-12704,178.5,142.5,0,0,0,0,0,0
7992-12705,45.5,30.5,0,0,0,0,0,0
7993-12703,92.0,257.5,0,0,0,0,0,0
7993-6101,121.0,200.5,0,0,0,0,0,0
7993-6102,244.5,62.5,0,0,0,0,0,0
7993-9101,308.0,108.0,0,0,0,0,0,0
7993-9102,85.0,351.5,0,0,0,0,0,0
8077-12701,277.0,277.0,0,0,0,0,0,0
8077-1901,226.5,227.0,0,0,0,0,0,0
8077-9102,324.0,277.5,0,0,0,0,0,0
8078-12702,202.5,179.0,0,0,0,0,0,0
8078-12705,333.0,332.5,0,0,0,0,0,0
8078-3703,306.0,345.5,0,0,0,0,0,0
8078-6101,149.5,47.0,0,0,0,0,0,0
8079-1901,283.5,309.5,0,0,0,0,0,0
8079-6101,83.5,150.5,0,0,0,0,0,0
8080-1901,175.5,103.0,0,0,0,0,0,0
8081-12701,76.5,309.5,0,0,0,0,0,0
8081-12705,97.0,124.5,0,0,0,0,0,0
8081-3702,182.5,155.5,0,0,0,0,0,0
8082-12705,9.5,36.5,0,0,0,0,0,0
8082-6101,250.0,297.0,0,0,0,0,0,0
8083-1902,295.5,319.0,0,0,0,0,0,0
8083-3701,204.5,196.0,0,0,0,0,0,0
8083-6104,247.0,35.0,0,0,0,0,0,0
8084-1901,120.0,48.0,0,0,0,0,0,0
8084-3704,166.0,157.5,0,0,0,0,0,0
8084-9101,188.0,256.5,0,0,0,0,0,0
8085-12702,148.0,155.5,0,0,0,0,0,0
8085-12703,103.5,32.0,0,0,0,0,0,0
8085-12705,219.0,218.5,0,0,0,0,0,0
8085-3702,359.0,238.0,0,0,0,0,0,0
8086-12701,160.5,158.5,0,0,0,0,0,0
8086-6101,315.5,172.0,0,0,0,0,0,0
8086-6104,44.0,57.0,0,0,0,0,0,0
8097-12702,105.0,64.0,0,0,0,0,0,0
8097-1902,162.0,76.5,0,0,0,0,0,0
8097-6103,267.0,183.0,0,0,0,0,0,0
8097-9101,341.5,299.0,0,0,0,0,0,0
8131-12705,75.5,76.0,0,0,0,0,0,0
8131-1901,36.5,71.0,0,0,0,0,0,0
8131-3704,280.0,82.0,0,0,0,0,0,0
8132-12701,23.0,40.5,0,0,0,0,0,0
8132-3701,134.0,258.5,0,0,0,0,0,0
8132-3703,317.0,7.0,0,0,0,0,0,0
8132-6103,92.0,134.0,0,0,0,0,0,0
8133-3704,279.5,306.5,0,0,0,0,0,0
8134-1902,184.5,358.5,0,0,0,0,0,0
8134-3702,256.5,237.5,0,0,0,0,0,0
8134-6101,155.0,127.0,0,0,0,0,0,0
8134-9101,335.5,122.5,0,0,0,0,0,0
8135-1901,121.0,57.0,0,0,0,0,0,0
8135-3703,319.0,121.5,0,0,0,0,0,0
8135-9101,267.5,20.0,0,0,0,0,0,0
8137-6101,204.0,291.5,0,0,0,0,0,0
8137-9101,258.5,313.5,0,0,0,0,0,0
8138-3704,124.5,118.5,0,0,0,0,0,0
8139-12702,76.5,226.5,0,0,0,0,0,0
8139-12703,131.0,107.0,0,0,0,0,0,0
8139-12704,299.0,344.5,0,0,0,0,0,0
8139-1901,356.0,12.0,0,0,0,0,0,0
8140-1901,99.0,76.5,0,0,0,0,0,0
8140-3703,130.5,113.5,0,0,0,0,0,0
8140-3704,136.0,230.5,0,0,0,0,0,0
8140-6102,110.0,138.0,0,0,0,0,0,0
8141-6104,105.5,90.0,0,0,0,0,0,0
8141-9101,79.5,68.5,0,0,0,0,0,0
8143-12701,57.5,165.5,0,0,0,0,0,0
8144-1902,60.0,340.5,0,0,0,0,0,0
8144-6102,23.5,308.0,0,0,0,0,0,0
8145-12702,53.5,142.5,0,0,0,0,0,0
8145-6101,292.0,239.0,0,0,0,0,0,0
8145-6102,10.5,187.5,0,0,0,0,0,0
8146-12704,210.5,223.5,0,0,0,0,0,0
8146-3704,196.5,20.0,0,0,0,0,0,0
8146-6101,222.0,103.0,0,0,0,0,0,0
8146-6103,321.0,280.5,0,0,0,0,0,0
8147-12702,340.0,69.5,0,0,0,0,0,0
8147-12704,326.5,326.5,0,0,0,0,0,0
8148-3702,220.5,327.5,0,0,0,0,0,0
8149-9101,154.0,154.0,0,0,0,0,0,0
8150-12702,114.0,101.0,0,0,0,0,0,0
8150-1901,146.5,329.5,0,0,0,0,0,0
8150-3703,10.5,3.0,0,0,0,0,0,0
8150-3704,353.5,238.0,0,0,0,0,0,0
8153-12703,321.5,1.5,0,0,0,0,0,0
8153-3703,29.5,77.0,0,0,0,0,0,0
8153-6101,210.5,114.5,0,0,0,0,0,0
8153-9101,75.5,63.5,0,0,0,0,0,0
8154-3702,201.5,50.0,0,0,0,0,0,0
8155-12703,182.0,163.5,0,0,0,0,0,0
8155-12705,218.5,306.0,0,0,0,0,0,0
8155-1901,281.0,126.0,0,0,0,0,0,0
8155-1902,275.0,106.5,0,0,0,0,0,0
8155-9101,60.0,125.0,0,0,0,0,0,0
8156-12701,235.0,218.5,0,0,0,0,0,0
8156-12703,255.5,260.0,0,0,0,0,0,0
8156-12704,316.0,302.5,0,0,0,0,0,0
8156-3704,82.5,229.5,0,0,0,0,0,0
8156-6103,340.5,289.5,0,0,0,0,0,0
8156-6104,178.0,76.5,0,0,0,0,0,0
8158-12703,307.0,264.0,0,0,0,0,0,0
8158-12704,338.5,229.0,0,0,0,0,0,0
8158-3702,94.0,274.0,0,0,0,0,0,0
8158-3703,,,0,0,0,0,0,0
8158-3704,322.5,215.0,0,0,0,0,0,0
8239-12701,150.5,67.5,0,0,0,0,0,0
8239-12703,336.0,156.0,0,0,0,0,0,0
8239-1901,163.0,196.0,0,0,0,0,0,0
8239-6103,326.5,99.5,0,0,0,0,0,0
8241-3701,121.5,22.5,0,0,0,0,0,0
8241-6103,202.5,274.5,0,0,0,0,0,0
8241-6104,75.0,281.0,0,0,0,0,0,0
8243-12702,279.5,307.0,0,0,0,0,0,0
8243-12703,269.0,9.0,0,0,0,0,0,0
8244-12701,82.0,148.5,0,0,0,0,0,0
8244-9102,310.5,72.5,0,0,0,0,0,0
8245-3703,32.0,91.5,0,0,0,0,0,0
8245-6101,18.0,39.5,0,0,0,0,0,0
8245-9102,330.5,133.5,0,0,0,0,0,0
8247-9102,356.5,6.0,0,0,0,0,0,0
8248-12701,173.0,146.5,0,0,0,0,0,0
8248-3702,143.5,205.5,0,0,0,0,0,0
8248-6101,104.5,14.5,0,0,0,0,0,0
8248-6103,57.0,175.0,0,0,0,0,0,0
8248-6104,307.0,9.0,0,0,0,0,0,0
8248-9101,107.0,309.5,0,0,0,0,0,0
8249-12702,55.5,17.5,0,0,0,0,0,0
8249-9102,148.5,79.0,0,0,0,0,0,0
8250-12701,136.0,125.0,0,0,0,0,0,0
8250-12703,247.0,231.5,0,0,0,0,0,0
8250-3703,226.0,126.0,0,0,0,0,0,0
8252-12701,67.0,343.5,0,0,0,0,0,0
8253-12702,35.5,353.5,0,0,0,0,0,0
8253-12705,80.0,44.0,0,0,0,0,0,0
8253-3704,14.0,338.0,0,0,0,0,0,0
8253-6102,288.0,239.5,0,0,0,0,0,0
8254-6101,6.0,213.0,0,0,0,0,0,0
8254-6104,136.5,150.0,0,0,0,0,0,0
8255-3704,173.0,212.5,0,0,0,0,0,0
8256-12704,315.5,182.5,0,0,0,0,0,0
8256-1902,92.0,231.0,0,0,0,0,0,0
8257-1901,260.0,231.0,0,0,0,0,0,0
8257-6104,120.5,21.5,0,0,0,0,0,0
8259-12704,123.5,122.5,0,0,0,0,0,0
8259-12705,79.5,349.0,0,0,0,0,0,0
8260-1902,272.5,164.5,0,0,0,0,0,0
8261-12702,191.5,225.5,0,0,0,0,0,0
8261-3703,42.0,287.0,0,0,0,0,0,0
8274-1902,156.0,284.0,0,0,0,0,0,0
8274-6103,115.5,195.5,0,0,0,0,0,0
8309-12702,239.5,157.0,0,0,0,0,0,0
8309-12704,144.5,275.0,0,0,0,0,0,0
8309-3703,,,0,0,0,0,0,0
8309-6102,27.5,198.0,0,0,0,0,0,0
8311-9102,164.5,298.0,0,0,0,0,0,0
8314-6104,315.5,72.0,0,0,0,0,0,0
8315-12701,169.5,131.0,0,0,0,0,0,0
8315-12702,219.0,85.5,0,0,0,0,0,0
8315-6102,95.5,320.5,0,0,0,0,0,0
8317-12701,63.0,129.0,0,0,0,0,0,0
8317-1902,359.5,359.5,0,0,0,0,0,0
8317-3704,25.5,148.5,0,0,0,0,0,0
8319-12701,349.5,335.5,0,0,0,0,0,0
8319-6101,340.0,33.5,0,0,0,0,0,0
8319-9102,188.0,28.5,0,0,0,0,0,0
8322-3704,258.0,28.0,0,0,0,0,0,0
8323-12702,169.5,232.5,0,0,0,0,0,0
8323-9101,215.5,272.0,0,0,0,0,0,0
8324-3703,283.5,95.5,0,0,0,0,0,0
8325-12704,92.0,103.5,0,0,0,0,0,0
8326-12705,264.5,253.0,0,0,0,0,0,0
8326-9101,13.5,231.0,0,0,0,0,0,0
8328-12703,184.5,157.5,0,0,0,0,0,0
8328-3702,308.0,25.0,0,0,0,0,0,0
8328-6104,228.5,179.0,0,0,0,0,0,0
8329-12705,85.0,145.5,0,0,0,0,0,0
8329-3701,217.0,198.5,0,0,0,0,0,0
8329-3703,103.0,199.0,0,0,0,0,0,0
8329-3704,131.5,272.0,0,0,0,0,0,0
8329-6101,147.5,239.5,0,0,0,0,0,0
8330-12705,206.0,285.5,0,0,0,0,0,0
8331-12701,193.5,78.5,0,0,0,0,0,0
8331-6103,74.5,149.5,0,0,0,0,0,0
8331-9102,290.5,91.0,0,0,0,0,0,0
8332-1901,,,0,0,0,0,0,0
8333-12702,73.5,56.5,0,0,0,0,0,0
8333-12704,99.0,116.0,0,0,0,0,0,0
8333-3703,242.5,7.5,0,0,0,0,0,0
8333-6103,90.5,12.0,0,0,0,0,0,0
8333-6104,310.0,219.0,0,0,0,0,0,0
8333-9101,140.0,160.0,0,0,0,0,0,0
8333-9102,191.0,54.0,0,0,0,0,0,0
8335-12704,198.0,205.5,0,0,0,0,0,0
8335-6103,167.5,241.0,0,0,0,0,0,0
8335-9101,359.0,289.5,0,0,0,0,0,0
8336-3702,349.0,176.0,0,0,0,0,0,0
8337-3702,236.0,254.0,0,0,0,0,0,0
8338-12705,212.5,11.0,0,0,0,0,0,0
8438-12703,71.5,70.0,0,0,0,0,0,0
8440-12702,293.5,216.0,0,0,0,0,0,0
8440-6101,196.5,184.0,0,0,0,0,0,0
8442-6104,2.5,245.0,0,0,0,0,0,0
8444-6101,349.5,86.5,0,0,0,0,0,0
8445-12703,91.5,121.0,0,0,0,0,0,0
8445-6104,343.0,255.5,0,0,0,0,0,0
8446-3702,314.0,6.5,0,0,0,0,0,0
8446-6102,333.0,127.5,0,0,0,0,0,0
8446-6103,331.5,261.5,0,0,0,0,0,0
8447-12703,360.0,180.0,0,0,0,0,0,0
8447-12705,41.0,20.5,0,0,0,0,0,0
8447-6104,303.5,3.0,0,0,0,0,0,0
8448-12701,16.5,2.0,0,0,0,0,0,0
8448-6101,308.0,247.5,0,0,0,0,0,0
8448-9102,149.0,288.0,0,0,0,0,0,0
8449-3704,257.0,25.5,0,0,0,0,0,0
8449-6101,217.0,240.0,0,0,0,0,0,0
8449-9101,99.0,99.0,0,0,0,0,0,0
8450-3701,348.0,274.5,0,0,0,0,0,0
8451-12701,333.5,268.5,0,0,0,0,0,0
8451-1901,185.0,195.0,0,0,0,0,0,0
8451-1902,133.5,286.0,0,0,0,0,0,0
8451-6102,212.0,168.5,0,0,0,0,0,0
8452-9101,348.0,60.0,0,0,0,0,0,0
8453-3703,204.5,253.0,0,0,0,0,0,0
8453-6103,271.0,34.5,0,0,0,0,0,0
8453-9101,185.0,148.0,0,0,0,0,0,0
8454-12701,193.5,142.0,0,0,0,0,0,0
8454-12704,161.5,200.0,0,0,0,0,0,0
8454-1901,287.0,344.5,0,0,0,0,0,0
8454-1902,171.5,208.0,0,0,0,0,0,0
8454-6102,134.0,205.0,0,0,0,0,0,0
8454-6103,193.0,168.0,0,0,0,0,0,0
8455-12703,129.5,232.0,0,0,0,0,0,0
8455-12704,244.0,254.0,0,0,0,0,0,0
8455-1901,110.5,73.5,0,0,0,0,0,0
8455-6103,316.5,258.0,0,0,0,0,0,0
8455-6104,67.0,184.5,0,0,0,0,0,0
8456-3702,110.5,151.5,0,0,0,0,0,0
8456-6104,179.5,60.0,0,0,0,0,0,0
8458-1901,144.0,207.5,0,0,0,0,0,0
8458-6103,326.0,312.0,0,0,0,0,0,0
8458-9101,62.0,70.0,0,0,0,0,0,0
8459-12701,146.5,51.5,0,0,0,0,0,0
8459-3701,131.5,227.0,0,0,0,0,0,0
8459-6103,121.5,229.5,0,0,0,0,0,0
8461-1902,97.5,129.5,0,0,0,0,0,0
8461-6104,200.0,24.0,0,0,0,0,0,0
8461-9101,269.5,156.0,0,0,0,0,0,0
8462-6103,,,0,0,0,0,0,0
8464-1901,75.0,311.5,0,0,0,0,0,0
8464-6101,309.5,210.0,0,0,0,0,0,0
8465-1902,245.5,271.5,0,0,0,0,0,0
8465-3702,287.5,247.0,0,0,0,0,0,0
8465-6101,278.5,227.0,0,0,0,0,0,0
8466-3703,260.5,84.0,0,0,0,0,0,0
8466-6101,11.0,206.5,0,0,0,0,0,0
8466-6103,18.0,99.0,0,0,0,0,0,0
8466-6104,150.5,128.5,0,0,0,0,0,0
8481-3704,259.5,21.5,0,0,0,0,0,0
8481-6104,262.5,97.5,0,0,0,0,0,0
8482-12702,337.5,56.5,0,0,0,0,0,0
8482-12704,41.5,145.0,0,0,0,0,0,0
8482-6103,110.0,257.5,0,0,0,0,0,0
8483-6104,316.0,74.5,0,0,0,0,0,0
8483-9101,275.5,308.0,0,0,0,0,0,0
8484-12701,41.5,170.0,0,0,0,0,0,0
8484-9101,283.0,265.5,0,0,0,0,0,0
8484-9102,128.5,195.0,0,0,0,0,0,0
8485-12704,161.0,207.5,0,0,0,0,0,0
8485-1902,259.0,23.0,0,0,0,0,0,0
8485-3701,3.0,229.0,0,0,0,0,0,0
8485-3703,227.5,287.5,0,0,0,0,0,0
8485-9101,65.0,0.5,0,0,0,0,0,0
8486-12703,330.0,268.0,0,0,0,0,0,0
8486-3701,270.0,217.5,0,0,0,0,0,0
8547-12702,210.5,195.0,0,0,0,0,0,0
8547-12703,47.5,32.0,0,0,0,0,0,0
8547-3701,192.0,124.5,0,0,0,0,0,0
8547-6104,104.5,249.5,0,0,0,0,0,0
8547-9101,138.5,226.0,0,0,0,0,0,0
8548-9101,343.0,228.5,0,0,0,0,0,0
8549-6101,267.5,245.5,0,0,0,0,0,0
8551-6102,131.5,80.5,0,0,0,0,0,0
8551-6103,226.0,9.5,0,0,0,0,0,0
8551-9101,81.0,102.5,0,0,0,0,0,0
8552-3701,30.0,71.0,0,0,0,0,0,0
8552-3703,281.0,216.5,0,0,0,0,0,0
8553-12703,345.0,315.0,0,0,0,0,0,0
8553-3701,181.0,121.5,0,0,0,0,0,0
8553-3702,322.5,356.0,0,0,0,0,0,0
8554-6102,336.0,58.0,0,0,0,0,0,0
8554-6103,214.5,238.0,0,0,0,0,0,0
8554-9102,117.0,275.0,0,0,0,0,0,0
8555-12701,77.5,326.5,0,0,0,0,0,0
8555-12704,54.5,158.0,0,0,0,0,0,0
8555-3702,105.0,201.5,0,0,0,0,0,0
8555-3704,275.5,93.5,0,0,0,0,0,0
8555-6103,11.5,108.5,0,0,0,0,0,0
8566-12701,214.0,123.5,0,0,0,0,0,0
8566-1901,71.5,170.0,0,0,0,0,0,0
8566-6104,331.5,47.0,0,0,0,0,0,0
8567-6102,342.0,33.5,0,0,0,0,0,0
8567-6104,256.0,91.5,0,0,0,0,0,0
8567-9101,178.0,19.5,0,0,0,0,0,0
8568-9102,121.0,32.5,0,0,0,0,0,0
8591-12701,62.0,118.5,0,0,0,0,0,0
8591-6102,38.0,62.5,0,0,0,0,0,0
8592-12703,22.5,328.0,0,0,0,0,0,0
8592-12704,112.0,161.0,0,0,0,0,0,0
8592-12705,46.0,147.5,0,0,0,0,0,0
8592-3704,258.0,99.0,0,0,0,0,0,0
8592-6103,233.5,167.0,0,0,0,0,0,0
8593-1901,236.5,72.0,0,0,0,0,0,0
8593-3701,255.5,348.5,0,0,0,0,0,0
8593-6102,102.0,322.0,0,0,0,0,0,0
8595-12701,305.0,11.5,0,0,0,0,0,0
8595-12704,100.0,229.5,0,0,0,0,0,0
8595-6101,174.5,104.5,0,0,0,0,0,0
8595-9101,55.5,161.0,0,0,0,0,0,0
8597-3701,247.5,310.5,0,0,0,0,0,0
8600-9101,132.0,205.0,0,0,0,0,0,0
8600-9102,125.0,172.5,0,0,0,0,0,0
8601-12704,107.5,113.0,0,0,0,0,0,0
8601-6102,26.5,92.0,0,0,0,0,0,0
8602-12704,249.0,6.0,0,0,0,0,0,0
8602-3703,261.0,286.0,0,0,0,0,0,0
8602-3704,187.5,14.0,0,0,0,0,0,0
8604-3704,143.5,200.5,0,0,0,0,0,0
8606-12702,103.5,38.5,0,0,0,0,0,0
8606-12703,243.0,226.0,0,0,0,0,0,0
8606-12704,239.0,257.5,0,0,0,0,0,0
8606-3704,93.5,66.0,0,0,0,0,0,0
8606-6103,253.5,212.5,0,0,0,0,0,0
8606-9101,16.5,280.0,0,0,0,0,0,0
8606-9102,250.5,290.0,0,0,0,0,0,0
8611-6104,70.5,30.0,0,0,0,0,0,0
8612-12705,235.5,225.5,0,0,0,0,0,0
8612-3702,338.0,329.5,0,0,0,0,0,0
8612-6103,86.0,186.5,0,0,0,0,0,0
8613-12704,43.5,330.0,0,0,0,0,0,0
8613-6102,222.5,231.5,0,0,0,0,0,0
8614-12701,201.0,298.5,0,0,0,0,0,0
8614-12705,279.0,257.5,0,0,0,0,0,0
8614-1901,135.0,315.0,0,0,0,0,0,0
8615-12703,216.0,200.0,0,0,0,0,0,0
8615-12704,61.5,77.0,0,0,0,0,0,0
8616-12701,354.5,70.5,0,0,0,0,0,0
8616-12703,236.5,56.5,0,0,0,0,0,0
8616-3702,193.5,47.5,0,0,0,0,0,0
8618-12703,90.5,314.0,0,0,0,0,0,0
8618-12705,21.5,53.0,0,0,0,0,0,0
8619-12704,50.5,100.0,0,0,0,0,0,0
8619-12705,11.5,334.5,0,0,0,0,0,0
8619-6101,98.5,221.5,0,0,0,0,0,0
8619-6104,89.0,216.5,0,0,0,0,0,0
8619-9101,67.5,109.0,0,0,0,0,0,0
8623-12701,342.5,345.5,0,0,0,0,0,0
8623-12705,302.0,17.0,0,0,0,0,0,0
8624-12701,130.0,160.0,0,0,0,0,0,0
8624-12705,124.0,149.0,0,0,0,0,0,0
8624-1902,210.5,359.0,0,0,0,0,0,0
8624-6104,98.0,347.0,0,0,0,0,0,0
8625-1902,354.5,163.0,0,0,0,0,0,0
8626-6101,91.5,154.0,0,0,0,0,0,0
8626-9102,,,0,0,0,0,0,0
8655-6101,254.5,208.5,0,0,0,0,0,0
8655-9101,240.5,271.5,0,0,0,0,0,0
8656-3701,175.5,283.5,0,0,0,0,0,0
8657-12704,142.5,42.5,0,0,0,0,0,0
8657-12705,32.5,31.0,0,0,0,0,0,0
8657-3703,303.5,288.5,0,0,0,0,0,0
8657-6103,212.0,176.5,0,0,0,0,0,0
8711-12701,257.5,239.0,0,0,0,0,0,0
8711-12702,332.0,303.0,0,0,0,0,0,0
8711-12705,328.5,320.0,0,0,0,0,0,0
8711-1901,216.5,328.0,0,0,0,0,0,0
8711-3701,181.0,152.0,0,0,0,0,0,0
8711-3703,212.0,269.0,0,0,0,0,0,0
8711-6101,43.0,1.0,0,0,0,0,0,0
8712-3701,150.0,105.5,0,0,0,0,0,0
8712-9101,133.5,159.5,0,0,0,0,0,0
8712-9102,140.0,152.0,0,0,0,0,0,0
8713-3702,225.0,101.5,0,0,0,0,0,0
8713-3703,43.0,44.0,0,0,0,0,0,0
8713-6101,5.0,319.0,0,0,0,0,0,0
8713-6103,142.5,258.0,0,0,0,0,0,0
8713-9101,35.5,226.0,0,0,0,0,0,0
8714-12701,214.5,223.5,0,0,0,0,0,0
8714-3701,66.0,260.0,0,0,0,0,0,0
8714-9102,269.0,199.0,0,0,0,0,0,0
8715-12702,80.0,117.0,0,0,0,0,0,0
8715-12703,234.5,337.0,0,0,0,0,0,0
8715-3704,289.5,43.5,0,0,0,0,0,0
8716-12701,121.0,207.0,0,0,0,0,0,0
8716-12702,232.0,270.5,0,0,0,0,0,0
8716-12705,49.0,38.5,0,0,0,0,0,0
8716-1901,131.5,173.0,0,0,0,0,0,0
8716-3702,174.5,325.5,0,0,0,0,0,0
8716-6104,177.5,354.5,0,0,0,0,0,0
8717-12702,316.0,282.5,0,0,0,0,0,0
8717-12705,197.0,169.0,0,0,0,0,0,0
8717-1901,15.5,355.5,0,0,0,0,0,0
8717-1902,135.5,343.0,0,0,0,0,0,0
8717-3702,113.5,84.5,0,0,0,0,0,0
8717-6103,91.0,67.0,0,0,0,0,0,0
8717-6104,107.5,43.0,0,0,0,0,0,0
8717-9102,63.0,341.5,0,0,0,0,0,0
8718-3704,343.5,42.5,0,0,0,0,0,0
8718-6103,295.0,51.0,0,0,0,0,0,0
8719-9101,22.0,3.5,0,0,0,0,0,0
8720-12703,351.0,262.5,0,0,0,0,0,0
8720-12705,65.0,169.0,0,0,0,0,0,0
8720-6101,25.0,91.0,0,0,0,0,0,0
8720-6104,353.5,44.0,0,0,0,0,0,0
8720-9101,222.5,118.5,0,0,0,0,0,0
8721-12701,275.5,188.0,0,0,0,0,0,0
8721-12704,227.0,75.5,0,0,0,0,0,0
8721-3704,289.0,32.5,0,0,0,0,0,0
8721-9102,49.5,117.0,0,0,0,0,0,0
8722-12701,170.5,283.5,0,0,0,0,0,0
8722-3703,158.0,333.5,0,0,0,0,0,0
8722-3704,107.5,333.5,0,0,0,0,0,0
8722-6102,243.0,24.5,0,0,0,0,0,0
8722-9101,191.0,298.0,0,0,0,0,0,0
8723-9101,144.0,131.0,0,0,0,0,0,0
8724-12702,37.5,350.5,0,0,0,0,0,0
8724-12704,297.0,4.5,0,0,0,0,0,0
8725-12702,6.5,343.5,0,0,0,0,0,0
8725-12703,167.5,84.0,0,0,0,0,0,0
8725-12704,254.5,129.0,0,0,0,0,0,0
8725-6101,350.5,62.5,0,0,0,0,0,0
8725-6104,3.5,64.5,0,0,0,0,0,0
8725-9101,1.0,173.0,0,0,0,0,0,0
8726-12704,111.5,125.5,0,0,0,0,0,0
8726-1902,175.0,51.5,0,0,0,0,0,0
8726-3702,350.0,204.5,0,0,0,0,0,0
8726-6101,105.0,351.0,0,0,0,0,0,0
8726-9102,169.5,329.0,0,0,0,0,0,0
8727-12704,14.5,340.5,0,0,0,0,0,0
8727-3702,210.0,289.0,0,0,0,0,0,0
8727-3704,94.5,304.5,0,0,0,0,0,0
8728-12704,33.5,39.5,0,0,0,0,0,0
8728-1901,90.5,188.0,0,0,0,0,0,0
8728-1902,49.5,16.5,0,0,0,0,0,0
8728-3703,59.0,276.5,0,0,0,0,0,0
8728-6104,37.0,143.5,0,0,0,0,0,0
8931-3704,57.5,153.0,0,0,0,0,0,0
8931-9101,220.5,287.0,0,0,0,0,0,0
8931-9102,44.5,29.5,0,0,0,0,0,0
8932-12705,277.0,198.5,0,0,0,0,0,0
8932-3702,296.5,289.0,0,0,0,0,0,0
8932-6102,161.5,228.0,0,0,0,0,0,0
8932-6103,77.0,2.5,0,0,0,0,0,0
8933-12705,101.0,70.0,0,0,0,0,0,0
8933-3702,83.5,38.0,0,0,0,0,0,0
8933-3704,284.0,81.5,0,0,0,0,0,0
8933-6104,127.0,153.0,0,0,0,0,0,0
8933-9102,159.0,104.0,0,0,0,0,0,0
8934-3702,263.0,219.5,0,0,0,0,0,0
8934-9102,237.5,287.0,0,0,0,0,0,0
8935-12701,272.5,330.0,0,0,0,0,0,0
8935-12705,25.5,357.5,0,0,0,0,0,0
8935-1901,202.5,306.5,0,0,0,0,0,0
8935-3701,272.5,320.0,0,0,0,0,0,0
8935-6101,181.0,123.0,0,0,0,0,0,0
8936-12701,228.5,357.0,0,0,0,0,0,0
8936-3701,21.0,5.0,0,0,0,0,0,0
8936-3703,84.5,91.0,0,0,0,0,0,0
8936-6103,173.5,113.5,0,0,0,0,0,0
8937-12702,176.5,192.5,0,0,0,0,0,0
8937-12704,104.5,145.5,0,0,0,0,0,0
8937-12705,20.0,4.0,0,0,0,0,0,0
8937-6103,291.0,330.5,0,0,0,0,0,0
8938-3704,231.5,336.5,0,0,0,0,0,0
8938-6101,131.0,183.0,0,0,0,0,0,0
8939-3704,100.5,64.0,0,0,0,0,0,0
8939-6103,325.5,147.5,0,0,0,0,0,0
8939-6104,2.0,278.0,0,0,0,0,0,0
8939-9101,326.0,267.0,0,0,0,0,0,0
8939-9102,245.0,297.5,0,0,0,0,0,0
8940-12701,124.0,152.5,0,0,0,0,0,0
8940-12704,231.5,221.0,0,0,0,0,0,0
8940-3702,57.0,16.5,0,0,0,0,0,0
8940-3704,16.0,348.0,0,0,0,0,0,0
8940-6103,146.0,21.5,0,0,0,0,0,0
8942-12703,176.5,118.5,0,0,0,0,0,0
8942-12704,357.5,35.5,0,0,0,0,0,0
8942-3702,242.0,54.0,0,0,0,0,0,0
8942-3703,116.0,151.5,0,0,0,0,0,0
8942-6103,165.0,130.5,0,0,0,0,0,0
8942-9101,137.0,174.5,0,0,0,0,0,0
8943-12704,117.5,107.0,0,0,0,0,0,0
8943-12705,290.5,219.0,0,0,0,0,0,0
8943-3704,182.0,138.5,0,0,0,0,0,0
8943-6104,252.0,52.5,0,0,0,0,0,0
8944-1901,31.0,42.0,0,0,0,0,0,0
8944-6101,212.5,185.0,0,0,0,0,0,0
8944-6104,83.5,111.0,0,0,0,0,0,0
8946-12703,18.0,319.0,0,0,0,0,0,0
8946-12704,247.5,275.5,0,0,0,0,0,0
8946-12705,165.5,98.0,0,0,0,0,0,0
8946-6104,311.0,217.5,0,0,0,0,0,0
8947-12702,253.0,253.0,0,0,0,0,0,0
8947-6101,351.5,309.5,0,0,0,0,0,0
8947-6102,75.0,152.5,0,0,0,0,0,0
8948-3703,182.0,193.5,0,0,0,0,0,0
8948-6102,196.5,47.0,0,0,0,0,0,0
8948-9102,338.0,4.5,0,0,0,0,0,0
8949-12702,104.0,148.0,0,0,0,0,0,0
8949-1901,24.5,71.0,0,0,0,0,0,0
8949-3701,202.0,237.5,0,0,0,0,0,0
8949-6101,355.5,344.5,0,0,0,0,0,0
8950-3701,330.0,116.5,0,0,0,0,0,0
8950-6101,273.0,138.5,0,0,0,0,0,0
8951-12703,53.5,233.5,0,0,0,0,0,0
8951-1901,108.0,303.0,0,0,0,0,0,0
8951-3704,150.0,330.5,0,0,0,0,0,0
8951-9101,240.5,112.5,0,0,0,0,0,0
8952-12704,257.0,140.0,0,0,0,0,0,0
8977-1901,349.5,111.0,0,0,0,0,0,0
8978-3702,67.0,245.5,0,0,0,0,0,0
8979-12702,213.5,4.5,0,0,0,0,0,0
8980-12702,217.5,142.5,0,0,0,0,0,0
8980-12703,299.5,316.5,0,0,0,0,0,0
8980-6101,153.5,240.0,0,0,0,0,0,0
8981-12701,71.0,177.5,0,0,0,0,0,0
8981-12705,350.5,301.5,0,0,0,0,0,0
8981-6102,138.0,121.5,0,0,0,0,0,0
8982-3703,200.5,217.5,0,0,0,0,0,0
8982-6102,65.0,54.5,0,0,0,0,0,0
8982-9101,132.0,147.5,0,0,0,0,0,0
8983-12704,297.5,105.5,0,0,0,0,0,0
8983-1901,46.0,192.0,0,0,0,0,0,0
8984-12702,87.5,126.5,0,0,0,0,0,0
8984-6102,268.5,94.5,0,0,0,0,0,0
8985-6101,179.5,359.5,0,0,0,0,0,0
8986-12701,129.0,357.0,0,0,0,0,0,0
8986-1902,275.0,188.0,0,0,0,0,0,0
8986-3704,281.0,68.0,0,0,0,0,0,0
8987-12701,225.0,267.5,0,0,0,0,0,0
8987-6103,292.5,316.5,0,0,0,0,0,0
8988-12701,257.0,330.5,0,0,0,0,0,0
8988-12702,312.5,350.0,0,0,0,0,0,0
8989-12703,148.0,301.5,0,0,0,0,0,0
8989-12704,90.5,72.5,0,0,0,0,0,0
8989-12705,197.5,4.5,0,0,0,0,0,0
8989-3702,1.5,1.5,0,0,0,0,0,0
8989-6103,268.0,334.0,0,0,0,0,0,0
8991-12702,58.0,129.5,0,0,0,0,0,0
8991-3704,356.0,7.0,0,0,0,0,0,0
8991-6102,224.0,35.0,0,0,0,0,0,0
8993-12704,58.0,29.5,0,0,0,0,0,0
8993-3704,182.0,256.0,0,0,0,0,0,0
8993-6101,356.5,337.5,0,0,0,0,0,0
8993-9101,231.5,275.0,0,0,0,0,0,0
8994-6102,315.0,137.5,0,0,0,0,0,0
8994-6104,214.0,196.0,0,0,0,0,0,0
8994-9101,221.0,180.5,0,0,0,0,0,0
8995-12703,221.0,274.0,0,0,0,0,0,0
8995-12704,233.0,166.0,0,0,0,0,0,0
8995-3703,357.5,203.5,0,0,0,0,0,0
8995-9102,279.5,242.5,0,0,0,0,0,0
8996-6104,300.5,319.5,0,0,0,0,0,0
8997-12705,252.5,252.0,0,0,0,0,0,0
8998-12703,148.5,139.5,0,0,0,0,0,0
8999-3702,63.5,287.5,0,0,0,0,0,0
8999-3704,195.5,156.5,0,0,0,0,0,0
9000-12701,216.5,250.0,0,0,0,0,0,0
9000-12703,304.0,338.5,0,0,0,0,0,0
9000-12704,54.0,57.5,0,0,0,0,0,0
9000-9102,64.0,224.0,0,0,0,0,0,0
9001-12701,182.5,115.5,0,0,0,0,0,0
9001-12703,298.0,221.5,0,0,0,0,0,0
9001-12704,319.0,327.0,0,0,0,0,0,0
9001-1901,319.5,330.0,0,0,0,0,0,0
9002-12702,316.5,171.0,0,0,0,0,0,0
9002-12703,355.0,70.0,0,0,0,0,0,0
9002-3703,185.5,64.0,0,0,0,0,0,0
9002-6102,100.5,258.5,0,0,0,0,0,0
9002-9102,257.0,280.5,0,0,0,0,0,0
9024-1901,299.5,318.0,0,0,0,0,0,0
9024-3703,174.0,324.0,0,0,0,0,0,0
9024-3704,326.0,290.5,0,0,0,0,0,0
9024-6104,168.5,228.5,0,0,0,0,0,0
9025-12701,89.5,267.5,0,0,0,0,0,0
9025-12702,,,0,0,0,0,0,0
9025-12703,134.0,279.0,0,0,0,0,0,0
9025-6101,154.5,143.0,0,0,0,0,0,0
9025-9101,156.5,105.0,0,0,0,0,0,0
9026-12704,32.5,93.0,0,0,0,0,0,0
9026-3701,263.0,288.5,0,0,0,0,0,0
9027-12705,226.5,215.5,0,0,0,0,0,0
9027-6104,91.0,124.5,0,0,0,0,0,0
9028-3703,314.0,146.0,0,0,0,0,0,0
9028-3704,269.0,88.5,0,0,0,0,0,0
9028-6102,65.0,331.0,0,0,0,0,0,0
9028-6104,347.5,308.0,0,0,0,0,0,0
9029-3701,333.5,217.5,0,0,0,0,0,0
9029-9102,252.0,15.0,0,0,0,0,0,0
9030-12703,191.0,217.5,0,0,0,0,0,0
9030-12705,187.5,304.5,0,0,0,0,0,0
9030-6101,275.0,31.0,0,0,0,0,0,0
9030-6102,51.0,217.0,0,0,0,0,0,0
9030-9101,335.5,309.0,0,0,0,0,0,0
9031-12702,106.5,74.0,0,0,0,0,0,0
9031-9101,176.5,69.0,0,0,0,0,0,0
9032-3702,262.5,183.5,0,0,0,0,0,0
9032-6102,18.5,39.0,0,0,0,0,0,0
9032-6103,331.0,162.0,0,0,0,0,0,0
9032-9102,5.0,326.0,0,0,0,0,0,0
9033-12702,15.5,70.0,0,0,0,0,0,0
9033-12704,273.0,143.5,0,0,0,0,0,0
9033-6103,226.5,186.5,0,0,0,0,0,0
9033-6104,143.5,283.5,0,0,0,0,0,0
9033-9101,356.0,318.5,0,0,0,0,0,0
9034-3701,337.5,173.5,0,0,0,0,0,0
9034-3704,327.0,355.0,0,0,0,0,0,0
9034-9102,136.0,228.5,0,0,0,0,0,0
9035-12704,278.0,304.5,0,0,0,0,0,0
9035-12705,323.5,337.0,0,0,0,0,0,0
9036-12701,334.0,334.0,0,0,0,0,0,0
9036-3704,317.0,22.5,0,0,0,0,0,0
9037-12702,44.5,16.0,0,0,0,0,0,0
9037-1901,30.5,219.5,0,0,0,0,0,0
9037-3701,207.0,357.5,0,0,0,0,0,0
9037-3703,179.0,221.0,0,0,0,0,0,0
9037-6102,283.5,5.0,0,0,0,0,0,0
9038-12701,240.5,342.5,0,0,0,0,0,0
9038-12705,260.5,251.0,0,0,0,0,0,0
9038-1902,144.0,62.5,0,0,0,0,0,0
9038-3703,115.0,279.5,0,0,0,0,0,0
9038-6104,17.5,340.0,0,0,0,0,0,0
9038-9101,232.0,299.0,0,0,0,0,0,0
9039-12701,136.0,241.5,0,0,0,0,0,0
9039-12703,128.5,139.5,0,0,0,0,0,0
9039-12705,87.5,67.0,0,0,0,0,0,0
9039-3702,352.5,295.5,0,0,0,0,0,0
9040-12702,233.5,222.0,0,0,0,0,0,0
9040-3701,143.0,351.0,0,0,0,0,0,0
9040-3703,200.0,20.0,0,0,0,0,0,0
9040-9101,166.0,282.0,0,0,0,0,0,0
9041-12705,348.5,114.0,0,0,0,0,0,0
9041-3701,267.0,29.0,0,0,0,0,0,0
9041-6103,166.0,212.0,0,0,0,0,0,0
9042-12705,224.5,188.0,0,0,0,0,0,0
9042-1901,192.0,148.0,0,0,0,0,0,0
9042-3702,99.0,49.0,0,0,0,0,0,0
9042-6104,220.0,64.0,0,0,0,0,0,0
9043-12701,61.5,280.5,0,0,0,0,0,0
9043-12702,61.0,131.5,0,0,0,0,0,0
9043-12703,328.0,173.5,0,0,0,0,0,0
9043-12705,338.0,333.5,0,0,0,0,0,0
9043-6103,141.0,244.0,0,0,0,0,0,0
9043-9101,342.5,44.0,0,0,0,0,0,0
9043-9102,298.5,320.5,0,0,0,0,0,0
9044-12702,209.5,288.0,0,0,0,0,0,0
9044-12703,274.0,94.0,0,0,0,0,0,0
9044-12705,131.5,11.0,0,0,0,0,0,0
9044-6103,297.0,263.5,0,0,0,0,0,0
9044-6104,170.0,169.5,0,0,0,0,0,0
9045-12701,355.5,1.5,0,0,0,0,0,0
9045-12705,268.5,64.0,0,0,0,0,0,0
9045-6102,345.5,176.0,0,0,0,0,0,0
9045-6103,73.5,27.5,0,0,0,0,0,0
9045-6104,153.0,263.0,0,0,0,0,0,0
9046-12701,37.5,247.0,0,0,0,0,0,0
9046-12703,256.5,169.5,0,0,0,0,0,0
9046-12704,153.5,134.5,0,0,0,0,0,0
9046-3703,56.0,20.0,0,0,0,0,0,0
9046-6102,317.5,186.0,0,0,0,0,0,0
9046-6104,341.5,338.0,0,0,0,0,0,0
9046-9101,335.0,151.5,0,0,0,0,0,0
9046-9102,39.5,265.0,0,0,0,0,0,0
9047-12701,232.5,339.0,0,0,0,0,0,0
9047-12704,75.0,47.5,0,0,0,0,0,0
9047-12705,278.5,338.0,0,0,0,0,0,0
9047-3703,131.5,121.0,0,0,0,0,0,0
9047-6102,329.5,23.5,0,0,0,0,0,0
9047-6103,315.0,76.0,0,0,0,0,0,0
9048-12701,171.5,159.5,0,0,0,0,0,0
9048-12702,185.5,219.0,0,0,0,0,0,0
9048-12704,336.5,318.5,0,0,0,0,0,0
9048-12705,2.5,330.0,0,0,0,0,0,0
9048-3704,198.5,148.5,0,0,0,0,0,0
9048-9102,350.5,104.5,0,0,0,0,0,0
9049-12703,34.0,146.0,0,0,0,0,0,0
9049-6101,237.5,268.5,0,0,0,0,0,0
9050-12702,226.5,327.0,0,0,0,0,0,0
9050-6101,173.0,190.5,0,0,0,0,0,0
9050-6102,228.0,231.0,0,0,0,0,0,0
9050-6103,107.0,42.0,0,0,0,0,0,0
9085-1901,302.5,102.0,0,0,0,0,0,0
9085-6102,206.5,62.5,0,0,0,0,0,0
9086-9102,122.0,120.5,0,0,0,0,0,0
9087-6102,356.0,52.0,0,0,0,0,0,0
9087-6103,288.0,20.0,0,0,0,0,0,0
9088-3701,244.0,344.0,0,0,0,0,0,0
9088-3704,295.0,321.5,0,0,0,0,0,0
9088-6103,51.0,82.0,0,0,0,0,0,0
9089-1902,5.0,323.5,0,0,0,0,0,0
9089-6102,191.0,52.0,0,0,0,0,0,0
9090-12701,23.0,298.0,0,0,0,0,0,0
9090-12702,349.5,358.5,0,0,0,0,0,0
9090-6101,192.5,174.0,0,0,0,0,0,0
9091-3702,20.0,324.5,0,0,0,0,0,0
9091-3704,44.0,201.0,0,0,0,0,0,0
9091-6102,27.0,202.5,0,0,0,0,0,0
9092-12701,246.5,70.5,0,0,0,0,0,0
9092-12704,54.5,186.5,0,0,0,0,0,0
9092-1901,274.5,265.0,0,0,0,0,0,0
9092-6103,158.5,18.0,0,0,0,0,0,0
9092-6104,305.5,235.0,0,0,0,0,0,0
9094-12702,340.5,55.5,0,0,0,0,0,0
9094-12704,215.5,268.5,0,0,0,0,0,0
9094-3702,26.5,335.0,0,0,0,0,0,0
9094-3704,253.5,330.0,0,0,0,0,0,0
9094-6103,212.5,344.5,0,0,0,0,0,0
9094-6104,272.5,129.0,0,0,0,0,0,0
9094-9102,181.0,6.5,0,0,0,0,0,0
9095-3702,43.0,79.0,0,0,0,0,0,0
9095-6103,304.5,197.5,0,0,0,0,0,0
9181-12701,19.0,12.5,0,0,0,0,0,0
9181-12703,270.5,352.0,0,0,0,0,0,0
9181-12704,287.5,217.0,0,0,0,0,0,0
9181-3702,269.0,34.0,0,0,0,0,0,0
9181-3704,65.5,257.0,0,0,0,0,0,0
9181-6101,325.0,337.0,0,0,0,0,0,0
9181-6103,26.5,30.5,0,0,0,0,0,0
9181-6104,82.5,72.0,0,0,0,0,0,0
9182-3702,53.0,357.5,0,0,0,0,0,0
9183-12701,80.0,158.0,0,0,0,0,0,0
9183-12705,156.5,11.0,0,0,0,0,0,0
9184-12702,205.0,254.0,0,0,0,0,0,0
9184-12703,44.0,91.5,0,0,0,0,0,0
9184-1901,355.0,43.0,0,0,0,0,0,0
9184-1902,253.0,211.0,0,0,0,0,0,0
9184-3703,17.0,209.5,0,0,0,0,0,0
9184-9101,100.0,66.5,0,0,0,0,0,0
9185-12702,205.5,124.0,0,0,0,0,0,0
9185-12703,214.0,268.5,0,0,0,0,0,0
9185-12704,287.0,353.5,0,0,0,0,0,0
9185-1901,357.0,272.0,0,0,0,0,0,0
9185-3701,88.0,303.5,0,0,0,0,0,0
9185-6103,108.5,210.0,0,0,0,0,0,0
9185-9101,179.0,221.5,0,0,0,0,0,0
9186-12704,61.0,55.5,0,0,0,0,0,0
9188-6101,38.0,51.0,0,0,0,0,0,0
9189-12702,333.5,281.0,0,0,0,0,0,0
9189-3703,168.5,316.5,0,0,0,0,0,0
9189-6101,120.5,85.5,0,0,0,0,0,0
9189-6103,242.5,121.0,0,0,0,0,0,0
9190-12704,220.0,197.0,0,0,0,0,0,0
9190-1902,153.0,248.0,0,0,0,0,0,0
9190-3701,96.5,115.0,0,0,0,0,0,0
9190-6101,30.0,240.5,0,0,0,0,0,0
9190-6103,238.5,238.5,0,0,0,0,0,0
9192-12705,29.5,291.0,0,0,0,0,0,0
9192-3703,156.0,358.5,0,0,0,0,0,0
9192-3704,127.0,182.5,0,0,0,0,0,0
9192-6103,131.0,187.5,0,0,0,0,0,0
9192-9101,132.0,102.0,0,0,0,0,0,0
9193-3704,118.5,70.0,0,0,0,0,0,0
9194-12701,339.5,337.5,0,0,0,0,0,0
9194-12705,276.5,280.5,0,0,0,0,0,0
9194-1901,227.0,213.0,0,0,0,0,0,0
9194-9102,242.0,43.5,0,0,0,0,0,0
9195-1901,207.0,39.0,0,0,0,0,0,0
9195-3701,310.0,13.5,0,0,0,0,0,0
9195-9102,45.5,129.0,0,0,0,0,0,0
9196-12702,355.5,30.0,0,0,0,0,0,0
9196-12705,323.5,113.0,0,0,0,0,0,0
9196-6102,92.0,69.0,0,0,0,0,0,0
9485-12702,238.5,194.5,0,0,0,0,0,0
9485-3703,85.5,137.5,0,0,0,0,0,0
9485-6102,185.5,75.0,0,0,0,0,0,0
9485-6103,311.5,105.0,0,0,0,0,0,0
9485-9101,287.0,286.5,0,0,0,0,0,0
9485-9102,129.5,129.5,0,0,0,0,0,0
9486-12705,261.0,86.0,0,0,0,0,0,0
9486-1901,71.5,58.0,0,0,0,0,0,0
9486-3701,288.5,318.5,0,0,0,0,0,0
9486-6103,96.0,70.0,0,0,0,0,0,0
9486-6104,74.0,331.0,0,0,0,0,0,0
9487-12705,167.5,249.0,0,0,0,0,0,0
9487-6102,163.5,169.5,0,0,0,0,0,0
9488-12701,50.0,86.5,0,0,0,0,0,0
9488-12705,276.5,262.0,0,0,0,0,0,0
9488-3701,175.5,285.5,0,0,0,0,0,0
9488-3704,192.0,52.0,0,0,0,0,0,0
9488-6102,181.0,68.0,0,0,0,0,0,0
9488-6104,321.5,113.5,0,0,0,0,0,0
9489-12701,327.5,320.0,0,0,0,0,0,0
9489-12702,136.0,158.5,0,0,0,0,0,0
9489-12703,27.5,0.5,0,0,0,0,0,0
9489-6101,194.0,229.0,0,0,0,0,0,0
9489-6103,315.0,289.5,0,0,0,0,0,0
9489-9102,54.0,203.0,0,0,0,0,0,0
9490-12701,69.5,8.0,0,0,0,0,0,0
9490-12702,129.0,91.0,0,0,0,0,0,0
9490-3703,111.0,60.5,0,0,0,0,0,0
9490-6103,7.0,44.0,0,0,0,0,0,0
9490-9101,235.0,24.5,0,0,0,0,0,0
9490-9102,355.0,125.0,0,0,0,0,0,0
9491-12705,86.5,86.0,0,0,0,0,0,0
9491-3701,44.0,7.5,0,0,0,0,0,0
9491-6103,3.0,68.0,0,0,0,0,0,0
9491-6104,106.5,48.5,0,0,0,0,0,0
9493-12702,88.0,53.5,0,0,0,0,0,0
9493-12703,89.0,316.0,0,0,0,0,0,0
9494-12703,91.5,117.5,0,0,0,0,0,0
9494-12705,193.0,162.0,0,0,0,0,0,0
9494-3702,13.0,83.5,0,0,0,0,0,0
9494-6101,73.5,259.0,0,0,0,0,0,0
9494-6102,153.0,139.0,0,0,0,0,0,0
9494-6103,334.5,334.5,0,0,0,0,0,0
9495-12701,195.0,225.5,0,0,0,0,0,0
9495-12704,50.0,51.5,0,0,0,0,0,0
9495-1901,71.5,270.0,0,0,0,0,0,0
9497-12704,54.5,358.5,0,0,0,0,0,0
9497-6101,38.0,224.0,0,0,0,0,0,0
9497-6103,13.0,112.0,0,0,0,0,0,0
9499-1901,202.5,170.0,0,0,0,0,0,0
9499-9102,13.5,52.5,0,0,0,0,0,0
9500-12705,102.0,273.0,0,0,0,0,0,0
9500-3702,249.0,295.5,0,0,0,0,0,0
9500-3704,108.0,299.0,0,0,0,0,0,0
9501-12702,133.5,231.0,0,0,0,0,0,0
9501-12703,68.0,214.0,0,0,0,0,0,0
9501-3704,325.5,26.5,0,0,0,0,0,0
9501-6103,88.0,253.0,0,0,0,0,0,0
9501-6104,57.0,202.5,0,0,0,0,0,0
9502-12701,289.5,227.5,0,0,0,0,0,0
9502-1902,62.5,137.0,0,0,0,0,0,0
9502-6102,298.5,300.5,0,0,0,0,0,0
9502-6104,333.0,69.5,0,0,0,0,0,0
9502-9101,257.5,36.0,0,0,0,0,0,0
9503-1902,92.0,313.0,0,0,0,0,0,0
9503-3703,6.5,40.0,0,0,0,0,0,0
9503-9101,137.5,196.0,0,0,0,0,0,0
9504-12705,276.5,234.5,0,0,0,0,0,0
9504-6101,169.0,170.0,0,0,0,0,0,0
9504-6102,44.0,56.0,0,0,0,0,0,0
9504-6104,307.0,257.0,0,0,0,0,0,0
9505-1902,147.5,255.0,0,0,0,0,0,0
9505-3701,215.5,273.5,0,0,0,0,0,0
9505-9102,223.0,255.5,0,0,0,0,0,0
9506-12703,238.5,210.5,0,0,0,0,0,0
9506-3704,209.5,275.5,0,0,0,0,0,0
9506-6103,56.0,93.5,0,0,0,0,0,0
9506-6104,269.0,24.0,0,0,0,0,0,0
9507-3702,31.0,227.0,0,0,0,0,0,0
9507-6101,305.0,82.5,0,0,0,0,0,0
9507-6104,17.5,197.5,0,0,0,0,0,0
9507-9101,284.0,62.5,0,0,0,0,0,0
9508-3702,84.0,280.0,0,0,0,0,0,0
9508-6102,204.5,352.0,0,0,0,0,0,0
9509-12704,51.5,47.0,0,0,0,0,0,0
9509-12705,137.5,86.5,0,0,0,0,0,0
9509-3703,278.5,6.0,0,0,0,0,0,0
9510-12705,108.0,133.0,0,0,0,0,0,0
9510-1901,345.0,344.0,0,0,0,0,0,0
9510-6104,280.0,335.0,0,0,0,0,0,0
9511-12705,310.0,259.5,0,0,0,0,0,0
9511-3702,330.0,273.0,0,0,0,0,0,0
9512-12702,288.5,68.5,0,0,0,0,0,0
9512-12703,106.5,161.5,0,0,0,0,0,0
9512-3701,249.5,356.5,0,0,0,0,0,0
9512-9102,272.0,291.5,0,0,0,0,0,0
9513-12703,230.5,276.5,0,0,0,0,0,0
9514-3703,4.0,301.5,0,0,0,0,0,0
9514-6102,256.0,28.5,0,0,0,0,0,0
9514-6103,258.0,216.5,0,0,0,0,0,0
9677-12701,54.0,90.5,0,0,0,0,0,0
9677-12702,90.5,270.5,0,0,0,0,0,0
9677-12703,,,0,0,0,0,0,0
9677-12704,,,0,0,0,0,0,0
9677-12705,360.0,180.5,0,0,0,0,0,0
9677-6102,106.0,285.0,0,0,0,0,0,0
9677-6103,102.5,258.5,0,0,0,0,0,0
9677-9101,180.0,180.0,0,0,0,0,0,0
9677-9102,209.0,29.0,0,0,0,0,0,0
9678-12701,57.5,62.5,0,0,0,0,0,0
9678-12702,62.0,326.0,0,0,0,0,0,0
9678-12704,99.0,164.5,0,0,0,0,0,0
9678-12705,9.5,294.5,0,0,0,0,0,0
9678-6102,196.5,287.0,0,0,0,0,0,0
9678-6103,301.0,79.5,0,0,0,0,0,0
9678-9101,317.0,52.5,0,0,0,0,0,0
9678-9102,150.5,32.0,0,0,0,0,0,0
9862-12704,59.0,225.5,0,0,0,0,0,0
9862-12705,333.5,59.0,0,0,0,0,0,0
9863-1902,303.0,303.0,0,0,0,0,0,0
9863-3701,338.0,3.0,0,0,0,0,0,0
9863-6102,303.0,62.0,0,0,0,0,0,0
9864-12702,223.5,238.5,0,0,0,0,0,0
9864-9102,99.5,358.0,0,0,0,0,0,0
9865-12703,57.5,123.0,0,0,0,0,0,0
9865-9101,235.5,257.0,0,0,0,0,0,0
9866-12705,65.5,310.5,0,0,0,0,0,0
9867-12701,55.0,88.0,0,0,0,0,0,0
9867-12705,1.0,201.0,0,0,0,0,0,0
9867-1901,286.0,25.0,0,0,0,0,0,0
9867-3702,37.5,217.5,0,0,0,0,0,0
9867-6103,352.5,72.0,0,0,0,0,0,0
9868-6104,136.0,40.0,0,0,0,0,0,0
9868-9101,52.0,82.0,0,0,0,0,0,0
9869-12704,159.5,257.5,0,0,0,0,0,0
9869-1902,217.5,279.5,0,0,0,0,0,0
9869-3704,356.0,344.0,0,0,0,0,0,0
9870-12701,82.5,262.5,0,0,0,0,0,0
9870-3703,139.5,290.5,0,0,0,0,0,0
9870-9102,76.5,328.0,0,0,0,0,0,0
9871-12704,,,0,0,0,0,0,0
9871-1902,86.0,62.5,0,0,0,0,0,0
9871-9102,186.0,154.0,0,0,0,0,0,0
9872-12704,54.5,97.5,0,0,0,0,0,0
9872-3702,3.0,148.0,0,0,0,0,0,0
9873-12704,327.5,138.5,0,0,0,0,0,0
9873-3704,286.5,285.5,0,0,0,0,0,0
9874-12701,319.5,55.0,0,0,0,0,0,0
9874-12702,350.0,,0,0,0,0,0,0
9874-12704,305.5,152.5,0,0,0,0,0,0
9874-12705,99.5,211.5,0,0,0,0,0,0
9874-6102,160.0,287.5,0,0,0,0,0,0
9874-6104,87.5,352.5,0,0,0,0,0,0
9875-12702,237.5,10.0,0,0,0,0,0,0
9875-12703,195.0,207.0,0,0,0,0,0,0
9875-3701,135.0,163.5,0,0,0,0,0,0
9875-6102,181.0,141.5,0,0,0,0,0,0
9875-9102,130.5,67.0,0,0,0,0,0,0
9876-12701,255.5,268.5,0,0,0,0,0,0
9876-12704,19.0,220.5,0,0,0,0,0,0
9876-1901,318.5,16.0,0,0,0,0,0,0
9876-6104,44.0,33.5,0,0,0,0,0,0
9877-12703,9.5,213.5,0,0,0,0,0,0
9877-12704,159.0,34.5,0,0,0,0,0,0
9878-6102,12.5,345.0,0,0,0,0,0,0
9879-6101,85.5,97.5,0,0,0,0,0,0
9879-6104,279.0,77.0,0,0,0,0,0,0
9879-9102,46.5,247.5,0,0,0,0,0,0
9880-12701,67.0,261.5,0,0,0,0,0,0
9880-12702,56.0,144.5,0,0,0,0,0,0
9880-12703,153.0,98.0,0,0,0,0,0,0
9880-1901,227.0,88.0,0,0,0,0,0,0
9880-9101,134.0,360.0,0,0,0,0,0,0
9882-6102,262.5,281.0,0,0,0,0,0,0
9882-9102,150.5,146.5,0,0,0,0,0,0
9883-12705,255.0,253.5,0,0,0,0,0,0
9883-1901,42.5,324.0,0,0,0,0,0,0
9883-9101,225.0,24.0,0,0,0,0,0,0
9884-1902,281.5,193.0,0,0,0,0,0,0
9884-3702,136.0,87.5,0,0,0,0,0,0
9884-3703,217.0,340.0,0,0,0,0,0,0
9884-6102,271.0,181.5,0,0,0,0,0,0
9884-9102,291.0,347.0,0,0,0,0,0,0
9885-12702,167.5,123.0,0,0,0,0,0,0
9885-12703,194.5,38.0,0,0,0,0,0,0
9886-3701,65.0,344.5,0,0,0,0,0,0
9886-3703,241.0,13.5,0,0,0,0,0,0
9886-6102,44.0,334.0,0,0,0,0,0,0
9887-12702,87.5,3.5,0,0,0,0,0,0
9887-12703,44.5,197.0,0,0,0,0,0,0
9887-12704,311.5,40.5,0,0,0,0,0,0
9887-1902,221.0,249.0,0,0,0,0,0,0
9887-6101,152.5,238.5,0,0,0,0,0,0
9887-6103,357.5,310.5,0,0,0,0,0,0
9887-9102,72.5,320.5,0,0,0,0,0,0
9888-12703,232.5,172.0,0,0,0,0,0,0
9888-3703,140.0,107.5,0,0,0,0,0,0
9888-6102,285.5,33.0,0,0,0,0,0,0
9888-6104,1.5,144.0,0,0,0,0,0,0
9888-9102,,,0,0,0,0,0,0
9889-12703,119.5,63.0,0,0,0,0,0,0
9889-6104,227.0,356.5,0,0,0,0,0,0
9890-12703,310.0,140.0,0,0,0,0,0,0
9890-12705,346.0,29.5,0,0,0,0,0,0
9890-3701,178.5,34.0,0,0,0,0,0,0
9890-9102,360.0,286.0,0,0,0,0,0,0
9891-12701,186.5,209.0,0,0,0,0,0,0
9891-12702,258.0,99.5,0,0,0,0,0,0
9891-12703,262.0,262.0,0,0,0,0,0,0
9891-12705,340.5,170.0,0,0,0,0,0,0
9891-3701,287.5,269.0,0,0,0,0,0,0
9891-3703,103.5,43.5,0,0,0,0,0,0
9891-9101,235.0,220.0,0,0,0,0,0,0
9892-12702,319.5,276.5,0,0,0,0,0,0
9892-3704,119.0,138.0,0,0,0,0,0,0
9892-9102,4.5,341.5,0,0,0,0,0,0
9893-9101,338.0,296.5,0,0,0,0,0,0
9894-9101,167.5,306.0,0,0,0,0,0,0
